title,url,summary,keywords,timestamp
Recovering from Investment Fraud: Start with These 6 Steps,https://www.finra.org/investors/insights/recovering-from-investment-fraud,Recovering from Investment Fraud: Start with These 6 Steps. The toll of investment fraud can extend well beyond lost money. Report the fraud to law enforcement. Learn about your rights to better protect yourself.,"fraud recovering, financial fraud, fraud recovery, investment fraud, fraud investment, financial scam",2025-11-13 23:09
Disrupting the Cycle of Financial Fraud Through Collaboration and Innovation,https://www.finra.org/media-center/speeches/disrupting-cycle-financial-fraud-through-collaboration-innovation-091224,"Victims of fraud lost more than $10 billion in 2023, according to the Federal Trade Commission. Criminals are working together via the Dark Web. Almost half of Gen Z investors learn about investing and finances through social media.","financial fraud, investment fraud, fighting fraud, stop fraud, fraud collaboration, fraudsters",2025-11-13 23:09
Protecting Yourself from Financial Fraud: Navigating an Evolving Landscape,https://www.finra.org/media-center/finra-unscripted/protecting-yourself-from-financial-fraud-navigating-evolving-landscape,"This week marks National Consumer Protection Week. Rob Mascio, Director of the FINRA Investor Education Foundation, joins us to talk about the latest fraud trends. We also talk about common red flags to watch out for and practical steps investors can take.","financial scams, scams finra, financial fraud, fraud financial, fraud trends, scams rise",2025-11-13 23:09
Artificial Intelligence (AI) and Investment Fraud,https://www.finra.org/investors/insights/artificial-intelligence-and-investment-fraud,Investors should know that bad actors are using the growing popularity and complexity of AI to lure victims into scams. Unregistered and unlicensed online investment platforms are promoting AI trading systems that make unrealistic claims. Be wary of claims that AI can guarantee amazing investment returns.,"investment frauds, investment fraud, invest ai, ai trading, ai investment, fraud artificial",2025-11-13 23:09
Protecting Your Investment Accounts From GenAI Fraud,https://www.finra.org/investors/insights/gen-ai-fraud-new-accounts-and-takeovers,"Investment fraud involving the use of artificial intelligence is on the rise. Increasingly, fraudsters are using generative AI (GenAI) tools to gain access to financial accounts and create new accounts in the names of unsuspecting investors.","genai fraudsters, genai fraud, accounts genai, accounts fraudsters, fraudsters using, computer fraudsters",2025-11-13 23:09
Steps Older Adults Can Take to Reduce Fraud Risk,https://www.finra.org/investors/insights/older-adults-reduce-fraud-risk,"Older adults are at an increased risk of being targeted by some fraudsters. Cut off contact before it starts by taking precautions like declining or blocking calls from unknown numbers, deleting messages from unknown senders and hanging up on telemarketing offers.","avoid fraud, reduce fraud, increase fraud, fraud risk, fraud exposure, risk fraud",2025-11-13 23:09
Beware of Stock Fraud in the Wake of Natural Disasters,https://www.finra.org/investors/insights/natural-disaster-fraud,"Beware of Stock Fraud in the Wake of Natural Disasters. You might see posts on social media or receive phone calls, emails or messages, promoting investments that benefit from a disaster-related opportunity. Scams might include stocks associated with cleanup or rebuilding efforts.","disaster fraud, investment scams, disaster contribute, natural disasters, protect disaster, disaster frequently",2025-11-13 23:09
FINRA Foundation Releases Findings on Fraud Awareness Among Investors,https://www.finra.org/media-center/newsreleases/2025/finra-foundation-releases-findings-fraud-awareness-among-investors,Half of Investors Do Not Recognize Warning Signs of Fraud. Findings Released in Light of World Investor Week (Oct. 6-12) The full report will be published in December. The findings reveal that a concerning number of investors might be vulnerable to investment fraud.,"investment fraud, fraud investors, fraud awareness, fraud findings, findings fraud, findings investing",2025-11-13 23:09
Tips to Avoid Mail Theft-Related Check Fraud,https://www.finra.org/investors/insights/mail-theft-check-fraud,"Since 2021, the U.S. Postal Inspection Service has reported a nearly 400 percent increase in mail theft-related fraud overall. The Financial Crimes Enforcement Network (FinCEN) has seen an increase in reporting of these incidents by financial institutions.","mail theft, mail check, check fraud, stolen checks, checks fraudulent, avoid mail",2025-11-13 23:09
Special Investigations Unit: Combating Money Laundering and Fraud in the Securities Industry,https://www.finra.org/media-center/finra-unscripted/special-investigations-unit-combating-money-laundering-fraud-securities-industry," FINRA created the Special Investigations Unit, or SIU, to detect and investigate cases of illicit finance, market abuse and other fraud. SIU Senior Director Gargi Sharma, and three investigative directors from her team: Kayla Le, Peter Gonzalez and David Byrne join us to share how they work to proactively identify and mitigate threats.","laundering frauds, laundering fraud, fraud securities, money laundering, financial fraud, fraud specialists",2025-11-13 23:09
